"STATION","NAME","DATE","AWND","PGTM","PRCP","SNOW","SNWD","TAVG","TMAX","TMIN","WDF2","WDF5","WSF2","WSF5","WT01","WT02","WT03","WT04","WT05","WT06","WT08","WT09"
"USW00094789","JFK INTERNATIONAL AIRPORT, NY US","2020-01-01","17.67",,"0.00","0.0","0.0","40","42","34","  290","  290","28.0","38.9",,,,,,,,
"USW00094789","JFK INTERNATIONAL AIRPORT, NY US","2020-01-02","9.62",,"0.00","0.0","0.0","38","48","31","  190","  190","16.1","21.9",,,,,,,,
"USW00094789","JFK INTERNATIONAL AIRPORT, NY US","2020-01-03","6.49",,"0.13","0.0","0.0","44","48","42","  240","  250","13.0","16.1","    1",,,,,,,
"USW00094789","JFK INTERNATIONAL AIRPORT, NY US","2020-01-04","8.28",,"0.16","0.0","0.0","47","51","43","  330","  320","25.9","35.1","    1","    1",,,,,,
"USW00094789","JFK INTERNATIONAL AIRPORT, NY US","2020-01-05","21.47",,"0.00","0.0","0.0","41","49","35","  310","  300","38.0","51.0",,,,,,,,
"USW00094789","JFK INTERNATIONAL AIRPORT, NY US","2020-01-06","13.87",,"0.03","0.3","0.0","38","45","32","  290","  300","21.9","23.9","    1",,,,,,,
"USW00094789","JFK INTERNATIONAL AIRPORT, NY US","2020-01-07","8.50",,"0.03","0.0","0.0","40","44","35","  250","   90","16.1","18.1",,,,,,,,
"USW00094789","JFK INTERNATIONAL AIRPORT, NY US","2020-01-08","20.80",,"0.00","0.0","0.0","37","43","28","  310","  310","31.1","40.0",,,,,,,,
"USW00094789","JFK INTERNATIONAL AIRPORT, NY US","2020-01-09","11.18",,"0.00","0.0","0.0","29","34","24","  300","  320","28.0","38.9",,,,,,,,
"USW00094789","JFK INTERNATIONAL AIRPORT, NY US","2020-01-10","7.83",,"0.00","0.0","0.0","39","51","32","  230","  230","15.0","18.1",,,,,,,,
"USW00094789","JFK INTERNATIONAL AIRPORT, NY US","2020-01-11","17.90",,"0.00","0.0","0.0","50","57","46","  190","  190","29.1","38.0","    1",,,,,,,
"USW00094789","JFK INTERNATIONAL AIRPORT, NY US","2020-01-12","19.91",,"0.03","0.0","0.0","58","68","43","  190","  180","38.0","48.1","    1",,,,,,,
"USW00094789","JFK INTERNATIONAL AIRPORT, NY US","2020-01-13","6.93",,"0.00","0.0","0.0","44","48","35","   20","   20","15.0","18.1","    1",,,,,,,
"USW00094789","JFK INTERNATIONAL AIRPORT, NY US","2020-01-14","5.14",,"0.03","0.0","0.0","42","46","37","  100","   60","13.0","16.1","    1",,,,,,,
"USW00094789","JFK INTERNATIONAL AIRPORT, NY US","2020-01-15","9.40",,"0.00","0.0","0.0","46","52","40","  300","  310","19.9","25.1","    1",,,,,,,
"USW00094789","JFK INTERNATIONAL AIRPORT, NY US","2020-01-16","21.92",,"0.03","0.0","0.0","45","50","34","  330","  320","40.9","51.0","    1",,,,,,,
"USW00094789","JFK INTERNATIONAL AIRPORT, NY US","2020-01-17","21.47",,"0.00","0.0","0.0","30","34","22","  320","  310","42.9","52.1",,,,,,,,
"USW00094789","JFK INTERNATIONAL AIRPORT, NY US","2020-01-18","10.51",,"0.58","1.6","0.0","25","39","20","  250","  240","25.9","31.1","    1","    1",,"    1",,,,
"USW00094789","JFK INTERNATIONAL AIRPORT, NY US","2020-01-19","16.33",,"0.00","0.0","0.0","40","46","29","  310","  310","29.1","34.0",,,,,,,,
"USW00094789","JFK INTERNATIONAL AIRPORT, NY US","2020-01-20","18.12",,"0.00","0.0","0.0","28","33","20","  310","  320","29.1","36.9",,,,,,,,
"USW00094789","JFK INTERNATIONAL AIRPORT, NY US","2020-01-21","8.95",,"0.00","0.0","0.0","26","34","19","  330","  320","18.1","21.9",,,,,,,,
"USW00094789","JFK INTERNATIONAL AIRPORT, NY US","2020-01-22","3.80",,"0.00","0.0","0.0","30","38","22","  220","  200","10.1","13.0",,,,,,,,
"USW00094789","JFK INTERNATIONAL AIRPORT, NY US","2020-01-23","6.49",,"0.00","0.0","0.0","35","44","26","  220","  230","12.1","13.0",,,,,,,,
"USW00094789","JFK INTERNATIONAL AIRPORT, NY US","2020-01-24","5.82",,"0.00","0.0","0.0","41","53","30","   60","  100","13.0","16.1","    1",,,,,,,
"USW00094789","JFK INTERNATIONAL AIRPORT, NY US","2020-01-25","16.78",,"0.89","0.0","0.0","42","50","37","  100","   90","33.1","45.0","    1",,,,,,,
"USW00094789","JFK INTERNATIONAL AIRPORT, NY US","2020-01-26","13.42",,"0.00","0.0","0.0","42","48","36","  270","  270","23.0","28.0",,,,,,,,
"USW00094789","JFK INTERNATIONAL AIRPORT, NY US","2020-01-27","14.32",,"0.00","0.0","0.0","40","45","35","  310","  320","21.0","25.9",,,,,,,,
"USW00094789","JFK INTERNATIONAL AIRPORT, NY US","2020-01-28","17.90",,"0.00","0.0","0.0","41","45","37","  320","  310","25.1","32.0",,,,,,,,
"USW00094789","JFK INTERNATIONAL AIRPORT, NY US","2020-01-29","14.32",,"0.00","0.0","0.0","37","41","29","  330","  320","23.0","31.1",,,,,,,,
"USW00094789","JFK INTERNATIONAL AIRPORT, NY US","2020-01-30","6.71",,"0.00","0.0","0.0","31","37","24","  360","   10","16.1","19.9",,,,,,,,
"USW00094789","JFK INTERNATIONAL AIRPORT, NY US","2020-01-31","6.04",,"0.02","0.0","0.0","36","45","32","  100","   90","13.0","14.1",,,,,,,,
"USW00094789","JFK INTERNATIONAL AIRPORT, NY US","2020-02-01","3.80",,"0.04","0.0","0.0","39","43","35","  310","  300","8.9","11.0","    1",,,,,,,
"USW00094789","JFK INTERNATIONAL AIRPORT, NY US","2020-02-02","10.07",,"0.01","0.0","0.0","39","44","29","  240","  240","25.1","29.1","    1",,,,,,,
"USW00094789","JFK INTERNATIONAL AIRPORT, NY US","2020-02-03","10.29",,"0.00","0.0","0.0","42","55","36","  240","  230","19.9","23.9",,,,,,,,
"USW00094789","JFK INTERNATIONAL AIRPORT, NY US","2020-02-04","4.92",,"0.03","0.0","0.0","45","53","39","  190","  190","14.1","16.1",,,,,,,,
"USW00094789","JFK INTERNATIONAL AIRPORT, NY US","2020-02-05","9.84",,"0.00","0.0","0.0","44","51","39","  340","  350","23.9","29.1","    1",,,,,,,
"USW00094789","JFK INTERNATIONAL AIRPORT, NY US","2020-02-06","8.05",,"0.70","0.0","0.0","40","43","37","  100","  110","21.0","23.9","    1",,,,,,,
"USW00094789","JFK INTERNATIONAL AIRPORT, NY US","2020-02-07","19.69",,"0.28","0.0","0.0","42","54","33","  250","  250","49.0","59.1","    1","    1",,,,,,
"USW00094789","JFK INTERNATIONAL AIRPORT, NY US","2020-02-08","14.09",,"0.00","0.0","0.0","35","43","30","  300","  290","29.1","38.0",,,,,,,,
"USW00094789","JFK INTERNATIONAL AIRPORT, NY US","2020-02-09","10.74",,"0.00","0.0","0.0","37","47","29","  190","  190","23.0","27.1",,,,,,,,
"USW00094789","JFK INTERNATIONAL AIRPORT, NY US","2020-02-10","13.20",,"0.38","0.0","0.0","43","47","42","  190","  180","23.0","27.1","    1",,,,,,,
"USW00094789","JFK INTERNATIONAL AIRPORT, NY US","2020-02-11","8.28",,"0.33","0.0","0.0","45","49","43","  310","  310","23.0","29.1","    1",,,,,,,
"USW00094789","JFK INTERNATIONAL AIRPORT, NY US","2020-02-12","14.54",,"0.12","0.0","0.0","43","45","38","  310","  310","30.0","38.0","    1",,,,,,,
"USW00094789","JFK INTERNATIONAL AIRPORT, NY US","2020-02-13","8.28",,"0.31","0.0","0.0","40","44","36","  300","  290","25.9","34.0","    1",,,,,,,
"USW00094789","JFK INTERNATIONAL AIRPORT, NY US","2020-02-14","17.45",,"0.00","0.0","0.0","36","40","19","  320","  320","30.0","36.0",,,,,,,,
"USW00094789","JFK INTERNATIONAL AIRPORT, NY US","2020-02-15","11.18",,"0.00","0.0","0.0","21","30","14","  220","  230","23.0","27.1",,,,,,,,
"USW00094789","JFK INTERNATIONAL AIRPORT, NY US","2020-02-16","9.40",,"0.00","0.0","0.0","35","45","30","  210","  210","23.9","29.1",,,,,,,,
"USW00094789","JFK INTERNATIONAL AIRPORT, NY US","2020-02-17","5.59",,"0.00","0.0","0.0","41","51","34","   50","  240","15.0","19.0",,,,,,,,
"USW00094789","JFK INTERNATIONAL AIRPORT, NY US","2020-02-18","10.51",,"0.00","0.0","0.0","42","49","36","  100","  100","21.9","28.0","    1","    1",,,,,,
"USW00094789","JFK INTERNATIONAL AIRPORT, NY US","2020-02-19","14.99",,"0.00","0.0","0.0","45","51","33","  310","  320","25.9","35.1","    1",,,,,,,
"USW00094789","JFK INTERNATIONAL AIRPORT, NY US","2020-02-20","13.87",,"0.00","0.0","0.0","34","37","26","  340","  340","23.9","30.0",,,,,,,,
"USW00094789","JFK INTERNATIONAL AIRPORT, NY US","2020-02-21","12.97",,"0.00","0.0","0.0","28","36","20","  330","  330","23.0","28.0",,,,,,,,
"USW00094789","JFK INTERNATIONAL AIRPORT, NY US","2020-02-22","13.20",,"0.00","0.0","0.0","37","50","30","  260","  260","19.9","25.1",,,,,,,,
"USW00094789","JFK INTERNATIONAL AIRPORT, NY US","2020-02-23","11.63",,"0.00","0.0","0.0","42","54","30","  180","  200","19.9","23.0",,,,,,,,
"USW00094789","JFK INTERNATIONAL AIRPORT, NY US","2020-02-24","6.49",,"0.00","0.0","0.0","43","54","34","  190","  190","14.1","16.1",,,,,,,,
"USW00094789","JFK INTERNATIONAL AIRPORT, NY US","2020-02-25","5.14",,"0.19","0.0","0.0","45","49","42","  190","  180","12.1","13.0","    1",,,,,,,
"USW00094789","JFK INTERNATIONAL AIRPORT, NY US","2020-02-26","10.74",,"0.02","0.0","0.0","46","48","43","   90","   90","25.1","32.0","    1",,,,,,,
"USW00094789","JFK INTERNATIONAL AIRPORT, NY US","2020-02-27","27.51",,"1.00","0.0","0.0","43","48","31","  280","  280","40.9","52.1","    1",,,,,,,
"USW00094789","JFK INTERNATIONAL AIRPORT, NY US","2020-02-28","21.92",,"0.00","0.0","0.0","34","42","29","  260","  240","33.1","42.1",,,,,,,,
"USW00094789","JFK INTERNATIONAL AIRPORT, NY US","2020-02-29","18.12",,"0.00","0.0","0.0","33","37","26","  310","  310","29.1","38.0",,,,,,,,
"USW00094789","JFK INTERNATIONAL AIRPORT, NY US","2020-03-01","14.32",,"0.00","0.0","0.0","32","44","25","  320","  310","32.0","38.9",,,,,,,,
"USW00094789","JFK INTERNATIONAL AIRPORT, NY US","2020-03-02","16.11",,"0.00","0.0","0.0","42","51","32","  180","  180","31.1","40.0",,,,,,,,
"USW00094789","JFK INTERNATIONAL AIRPORT, NY US","2020-03-03","10.51",,"0.28","0.0","0.0","48","53","42","  260","  270","33.1","45.0","    1",,"    1",,,,,
"USW00094789","JFK INTERNATIONAL AIRPORT, NY US","2020-03-04","19.91",,"0.00","0.0","0.0","50","57","44","  270","  270","32.0","42.9",,,,,,,,
"USW00094789","JFK INTERNATIONAL AIRPORT, NY US","2020-03-05","12.97",,"0.00","0.0","0.0","46","50","39","  330","  310","25.9","34.0",,,,,,,,
"USW00094789","JFK INTERNATIONAL AIRPORT, NY US","2020-03-06","10.96",,"0.07","0.0","0.0","41","47","33","   30","   30","21.9","28.0","    1",,,,,,,
"USW00094789","JFK INTERNATIONAL AIRPORT, NY US","2020-03-07","19.91",,"0.00","0.0","0.0","40","48","36","  340","  340","36.0","42.9",,,,,,,,
"USW00094789","JFK INTERNATIONAL AIRPORT, NY US","2020-03-08","12.75",,"0.00","0.0","0.0","43","57","33","  240","  250","21.9","25.9",,,,,,,,
"USW00094789","JFK INTERNATIONAL AIRPORT, NY US","2020-03-09","11.41",,"0.00","0.0","0.0","50","64","39","  250","  240","21.0","25.1",,,,,,,,
"USW00094789","JFK INTERNATIONAL AIRPORT, NY US","2020-03-10","11.18",,"0.00","0.0","0.0","52","64","43","  330","  340","25.9","33.1",,,,,,,,
"USW00094789","JFK INTERNATIONAL AIRPORT, NY US","2020-03-11","8.50",,"0.00","0.0","0.0","51","57","41","  310","  320","29.1","34.0",,,,,,,,
"USW00094789","JFK INTERNATIONAL AIRPORT, NY US","2020-03-12","10.07",,"0.05","0.0","0.0","44","47","37","   90","   90","21.0","25.9","    1",,,,,,,
"USW00094789","JFK INTERNATIONAL AIRPORT, NY US","2020-03-13","18.12",,"0.30","0.0","0.0","53","71","46","  270","  260","32.0","46.1","    1","    1",,,,,,
"USW00094789","JFK INTERNATIONAL AIRPORT, NY US","2020-03-14","16.11",,"0.00","0.0","0.0","51","57","43","  320","  320","32.0","40.0",,,,,,,,
"USW00094789","JFK INTERNATIONAL AIRPORT, NY US","2020-03-15","10.74",,"0.00","0.0","0.0","47","54","40","  360","   10","19.9","23.9",,,,,,,,
"USW00094789","JFK INTERNATIONAL AIRPORT, NY US","2020-03-16","13.20",,"0.00","0.0","0.0","39","45","32","  120","  180","18.1","29.1",,,,,,,,
"USW00094789","JFK INTERNATIONAL AIRPORT, NY US","2020-03-17","9.40",,"0.18","0.0","0.0","44","54","41","  320","  260","19.9","25.1","    1",,,,,,,
"USW00094789","JFK INTERNATIONAL AIRPORT, NY US","2020-03-18","10.07",,"0.01","0.0","0.0","47","50","40","  330","  320","23.0","31.1",,,,,,,,
"USW00094789","JFK INTERNATIONAL AIRPORT, NY US","2020-03-19","8.72",,"1.07","0.0","0.0","46","53","43","   40","   20","17.0","21.0","    1",,,,,,,
"USW00094789","JFK INTERNATIONAL AIRPORT, NY US","2020-03-20","8.28",,"0.00","0.0","0.0","50","73","36","  270","  290","21.9","29.1","    1","    1",,,,,,
"USW00094789","JFK INTERNATIONAL AIRPORT, NY US","2020-03-21","15.21",,"0.00","0.0","0.0","54","67","40","  330","  340","28.0","35.1",,,,,,,,
"USW00094789","JFK INTERNATIONAL AIRPORT, NY US","2020-03-22","14.09",,"0.00","0.0","0.0","40","44","34","   40","   40","21.9","27.1",,,,,,,,
"USW00094789","JFK INTERNATIONAL AIRPORT, NY US","2020-03-23","18.79",,"1.28","0.0","0.0","39","46","37","  360","   60","29.1","38.0","    1",,,"    1",,,"    1",
"USW00094789","JFK INTERNATIONAL AIRPORT, NY US","2020-03-24","11.63",,"0.00","0.0","0.0","43","54","36","  330","  330","23.0","29.1",,,,,,,,
"USW00094789","JFK INTERNATIONAL AIRPORT, NY US","2020-03-25","14.09",,"0.00","0.0","0.0","44","48","39","   30","   70","23.9","32.0",,,,,,,,
"USW00094789","JFK INTERNATIONAL AIRPORT, NY US","2020-03-26","12.75",,"0.00","0.0","0.0","44","55","36","  190","  180","21.9","27.1",,,,,,,,
"USW00094789","JFK INTERNATIONAL AIRPORT, NY US","2020-03-27","8.72",,"0.00","0.0","0.0","53","68","46","  330","  330","21.9","28.0",,,,,,,,
"USW00094789","JFK INTERNATIONAL AIRPORT, NY US","2020-03-28","11.41",,"0.37","0.0","0.0","49","50","46","   60","  120","23.0","32.0","    1",,,,,,,
"USW00094789","JFK INTERNATIONAL AIRPORT, NY US","2020-03-29","11.41",,"0.09","0.0","0.0","48","51","45","   60","   50","19.9","23.0","    1","    1",,,,,,
"USW00094789","JFK INTERNATIONAL AIRPORT, NY US","2020-03-30","6.49",,"0.04","0.0","0.0","45","49","42","   50","   30","14.1","18.1","    1",,,,,,,
"USW00094789","JFK INTERNATIONAL AIRPORT, NY US","2020-03-31","8.05",,"0.02","0.0","0.0","43","45","41","   50","   50","15.0","19.0","    1",,,,,,,
"USW00094789","JFK INTERNATIONAL AIRPORT, NY US","2020-04-01","14.09",,"0.00","0.0","0.0","44","56","37","  320","   30","21.9","29.1",,,,,,,,
"USW00094789","JFK INTERNATIONAL AIRPORT, NY US","2020-04-02","23.26",,"0.00","0.0","0.0","49","60","38","  320","  330","36.0","47.0",,,,,,,,
"USW00094789","JFK INTERNATIONAL AIRPORT, NY US","2020-04-03","21.03",,"0.01","0.0","0.0","49","52","44","  340","  330","31.1","38.9","    1",,,,,,,
"USW00094789","JFK INTERNATIONAL AIRPORT, NY US","2020-04-04","11.41",,"0.00","0.0","0.0","50","58","44","   30","   30","21.0","28.0",,,,,,,,
"USW00094789","JFK INTERNATIONAL AIRPORT, NY US","2020-04-05","5.82",,"0.00","0.0","0.0","48","58","42","  140","  140","13.0","17.0",,,,,,,,
"USW00094789","JFK INTERNATIONAL AIRPORT, NY US","2020-04-06","8.72",,"0.06","0.0","0.0","53","63","46","  190","  190","18.1","21.0","    1",,,,,,,
"USW00094789","JFK INTERNATIONAL AIRPORT, NY US","2020-04-07","10.51",,"0.00","0.0","0.0","54","63","48","  180","  180","21.0","23.9",,,,,,,,
"USW00094789","JFK INTERNATIONAL AIRPORT, NY US","2020-04-08","9.62",,"0.18","0.0","0.0","55","64","45","  320","  340","19.9","23.0","    1",,,,,,,
"USW00094789","JFK INTERNATIONAL AIRPORT, NY US","2020-04-09","14.99",,"0.13","0.0","0.0","50","58","42","  290","  300","36.9","51.0","    1",,"    1",,,,,
"USW00094789","JFK INTERNATIONAL AIRPORT, NY US","2020-04-10","23.71",,"0.00","0.0","0.0","45","49","38","  300","  310","38.0","49.0",,,,,,,,
"USW00094789","JFK INTERNATIONAL AIRPORT, NY US","2020-04-11","16.11",,"0.00","0.0","0.0","46","55","38","  270","  290","28.0","36.9",,,,,,,,
"USW00094789","JFK INTERNATIONAL AIRPORT, NY US","2020-04-12","12.75",,"0.00","0.0","0.0","49","58","34","  180","  170","28.0","35.1",,,,,,,,
"USW00094789","JFK INTERNATIONAL AIRPORT, NY US","2020-04-13","23.26",,"1.14","0.0","0.0","54","66","51","  170","  170","42.9","53.0","    1",,"    1",,,,,
"USW00094789","JFK INTERNATIONAL AIRPORT, NY US","2020-04-14","14.54",,"0.00","0.0","0.0","54","57","47","  320","  290","25.9","34.0",,,,,,,,
"USW00094789","JFK INTERNATIONAL AIRPORT, NY US","2020-04-15","13.87",,"0.00","0.0","0.0","48","54","42","  310","  330","23.0","32.0",,,,,,,,
"USW00094789","JFK INTERNATIONAL AIRPORT, NY US","2020-04-16","19.69",,"0.00","0.0","0.0","46","50","38","  260","  300","30.0","38.0",,,,,,,,
"USW00094789","JFK INTERNATIONAL AIRPORT, NY US","2020-04-17","11.18",,"0.04","0.0","0.0","42","50","36","  200","  210","23.0","28.0","    1",,,,,,,
"USW00094789","JFK INTERNATIONAL AIRPORT, NY US","2020-04-18","10.96",,"0.09","0.0","0.0","44","47","40","  330","  330","21.9","28.0","    1",,,,,,,
"USW00094789","JFK INTERNATIONAL AIRPORT, NY US","2020-04-19","15.21",,"0.00","0.0","0.0","47","59","36","  180","  190","28.0","34.0",,,,,,,,
"USW00094789","JFK INTERNATIONAL AIRPORT, NY US","2020-04-20","10.29",,"0.00","0.0","0.0","52","55","43","  350","  360","19.9","23.9",,,,,,,,
"USW00094789","JFK INTERNATIONAL AIRPORT, NY US","2020-04-21","18.34",,"0.36","0.0","0.0","49","56","39","  320","  180","38.0","44.1","    1",,"    1",,"    1",,,
"USW00094789","JFK INTERNATIONAL AIRPORT, NY US","2020-04-22","18.79",,"0.00","0.0","0.0","44","52","36","  290","  280","33.1","40.9",,,,,,,,
"USW00094789","JFK INTERNATIONAL AIRPORT, NY US","2020-04-23","6.49",,"0.13","0.0","0.0","44","48","39","  330","  330","16.1","19.0","    1",,,"    1",,,,
"USW00094789","JFK INTERNATIONAL AIRPORT, NY US","2020-04-24","11.41",,"0.60","0.0","0.0","46","50","43","   40","   50","23.0","27.1","    1",,,,,,,
"USW00094789","JFK INTERNATIONAL AIRPORT, NY US","2020-04-25","6.71",,"0.00","0.0","0.0","50","61","39","  170","  150","18.1","25.1","    1",,,,,,"    1",
"USW00094789","JFK INTERNATIONAL AIRPORT, NY US","2020-04-26","12.75",,"0.17","0.0","0.0","49","51","43","   80","   70","23.0","36.0","    1",,,,,,,
"USW00094789","JFK INTERNATIONAL AIRPORT, NY US","2020-04-27","16.78",,"0.00","0.0","0.0","44","50","39","  360","  360","25.9","31.1","    1",,,,,,,
"USW00094789","JFK INTERNATIONAL AIRPORT, NY US","2020-04-28","10.29",,"0.00","0.0","0.0","49","64","40","  190","  320","23.0","30.0",,,,,,,,
"USW00094789","JFK INTERNATIONAL AIRPORT, NY US","2020-04-29","14.76",,"0.01","0.0","0.0","48","55","42","   90","  110","25.9","35.1",,,,,,,,
"USW00094789","JFK INTERNATIONAL AIRPORT, NY US","2020-04-30","23.71",,"0.37","0.0","0.0","52","58","49","  120","  120","35.1","48.1","    1",,,,,,,
"USW00094789","JFK INTERNATIONAL AIRPORT, NY US","2020-05-01","8.72",,"0.22","0.0","0.0","55","62","51","  320","  310","25.1","32.0","    1",,,,,,,
"USW00094789","JFK INTERNATIONAL AIRPORT, NY US","2020-05-02","14.32",,"0.00","0.0","0.0","62","74","50","  330","  330","29.1","35.1",,,,,,,,
"USW00094789","JFK INTERNATIONAL AIRPORT, NY US","2020-05-03","10.74",,"0.11","0.0","0.0","62","73","53","  220","  230","18.1","21.0","    1",,,,,,,
"USW00094789","JFK INTERNATIONAL AIRPORT, NY US","2020-05-04","15.66",,"0.01","0.0","0.0","63","71","49","  310","  310","36.0","42.9",,,,,,,,
"USW00094789","JFK INTERNATIONAL AIRPORT, NY US","2020-05-05","12.53",,"0.00","0.0","0.0","53","63","47","  310","  290","25.1","32.0",,,,,,,,
"USW00094789","JFK INTERNATIONAL AIRPORT, NY US","2020-05-06","8.72",,"0.02","0.0","0.0","49","55","44","  100","   90","21.0","27.1",,,,,,,,
"USW00094789","JFK INTERNATIONAL AIRPORT, NY US","2020-05-07","12.75",,"0.00","0.0","0.0","53","66","44","  190","  240","25.1","33.1",,,,,,,,
"USW00094789","JFK INTERNATIONAL AIRPORT, NY US","2020-05-08","10.51",,"0.32","0.0","0.0","53","59","39","  320","  320","32.0","40.0","    1",,,,,,,
"USW00094789","JFK INTERNATIONAL AIRPORT, NY US","2020-05-09","22.15",,"0.03","0.0","0.0","42","49","34","  310","  310","35.1","44.1","    1",,,,,,,
"USW00094789","JFK INTERNATIONAL AIRPORT, NY US","2020-05-10","18.79",,"0.00","0.0","0.0","49","64","39","  230","  270","28.0","35.1",,,,,,,,
"USW00094789","JFK INTERNATIONAL AIRPORT, NY US","2020-05-11","12.97",,"0.03","0.0","0.0","52","61","45","  270","  260","36.0","53.0",,,,,,,,
"USW00094789","JFK INTERNATIONAL AIRPORT, NY US","2020-05-12","17.67",,"0.00","0.0","0.0","51","61","43","  310","  290","30.0","35.1",,,,,,,,
"USW00094789","JFK INTERNATIONAL AIRPORT, NY US","2020-05-13","10.51",,"0.00","0.0","0.0","51","62","41","  190","  180","23.9","29.1",,,,,,,,
"USW00094789","JFK INTERNATIONAL AIRPORT, NY US","2020-05-14","9.62",,"0.00","0.0","0.0","52","61","40","  190","  190","23.9","29.1","    1",,,,,,,
"USW00094789","JFK INTERNATIONAL AIRPORT, NY US","2020-05-15","10.29",,"0.03","0.0","0.0","63","78","55","  190","  190","21.9","25.9","    1",,,,,,,
"USW00094789","JFK INTERNATIONAL AIRPORT, NY US","2020-05-16","11.41",,"0.02","0.0","0.0","68","76","55","  340","  320","21.9","25.9",,,,,,,,
"USW00094789","JFK INTERNATIONAL AIRPORT, NY US","2020-05-17","8.95",,"0.00","0.0","0.0","58","64","52","  150","  130","15.0","19.9",,,,,,,,
"USW00094789","JFK INTERNATIONAL AIRPORT, NY US","2020-05-18","10.51",,"0.00","0.0","0.0","59","69","53","  120","  120","21.9","25.9",,,,,,,,
"USW00094789","JFK INTERNATIONAL AIRPORT, NY US","2020-05-19","17.45",,"0.00","0.0","0.0","60","70","50","  100","   50","29.1","36.0",,,,,,,,
"USW00094789","JFK INTERNATIONAL AIRPORT, NY US","2020-05-20","13.42",,"0.00","0.0","0.0","55","63","45","  110","  100","23.0","28.0",,,,,,,,
"USW00094789","JFK INTERNATIONAL AIRPORT, NY US","2020-05-21","6.93",,"0.00","0.0","0.0","53","61","42","  150","  150","13.0","17.0",,,,,,,,
"USW00094789","JFK INTERNATIONAL AIRPORT, NY US","2020-05-22","5.59",,"0.01","0.0","0.0","60","73","52","  170","  160","16.1","21.0","    1","    1",,,,,,
"USW00094789","JFK INTERNATIONAL AIRPORT, NY US","2020-05-23","7.83",,"0.52","0.0","0.0","62","70","54","   40","   60","23.0","30.0","    1","    1","    1",,,,,
"USW00094789","JFK INTERNATIONAL AIRPORT, NY US","2020-05-24","11.18",,"0.00","0.0","0.0","57","65","51","   40","   30","21.9","25.1",,,,,,,,
"USW00094789","JFK INTERNATIONAL AIRPORT, NY US","2020-05-25","5.82",,"0.00","0.0","0.0","60","66","49","  180","   30","12.1","14.1","    1","    1",,,,,,
"USW00094789","JFK INTERNATIONAL AIRPORT, NY US","2020-05-26","5.14",,"0.00","0.0","0.0","61","69","57","  140","  170","12.1","16.1","    1","    1",,,,,,
"USW00094789","JFK INTERNATIONAL AIRPORT, NY US","2020-05-27","5.59",,"0.00","0.0","0.0","62","72","57","  140","  150","14.1","17.0","    1","    1",,,,,,
"USW00094789","JFK INTERNATIONAL AIRPORT, NY US","2020-05-28","10.74",,"0.01","0.0","0.0","64","73","60","  170","  180","21.9","25.9","    1","    1",,,,,"    1",
"USW00094789","JFK INTERNATIONAL AIRPORT, NY US","2020-05-29","14.99",,"0.00","0.0","0.0","66","73","61","  180","  190","29.1","35.1","    1","    1",,,,,"    1",
"USW00094789","JFK INTERNATIONAL AIRPORT, NY US","2020-05-30","11.18",,"0.00","0.0","0.0","69","83","61","  330","  330","25.1","31.1","    1",,,,,,,
"USW00094789","JFK INTERNATIONAL AIRPORT, NY US","2020-05-31","16.11",,"0.00","0.0","0.0","66","73","56","  320","  320","28.0","35.1",,,,,,,,
"USW00094789","JFK INTERNATIONAL AIRPORT, NY US","2020-06-01","9.62",,"0.00","0.0","0.0","60","72","51","  190","  280","21.9","25.9",,,,,,,,
"USW00094789","JFK INTERNATIONAL AIRPORT, NY US","2020-06-02","10.29",,"0.00","0.0","0.0","64","75","54","  230","  230","18.1","23.9",,,,,,,,
"USW00094789","JFK INTERNATIONAL AIRPORT, NY US","2020-06-03","10.74",,"0.55","0.0","0.0","69","80","60","  270","  270","21.9","29.1","    1",,"    1",,,,,
"USW00094789","JFK INTERNATIONAL AIRPORT, NY US","2020-06-04","10.51",,"0.10","0.0","0.0","72","83","63","  190","  190","21.0","28.0","    1",,"    1",,,,"    1",
"USW00094789","JFK INTERNATIONAL AIRPORT, NY US","2020-06-05","8.28",,"0.79","0.0","0.0","70","78","64","  250","  240","19.9","25.1","    1",,"    1",,,,"    1",
"USW00094789","JFK INTERNATIONAL AIRPORT, NY US","2020-06-06","10.51",,"0.16","0.0","0.0","72","86","63","  320","  190","25.9","42.9","    1","    1","    1",,,,"    1",
"USW00094789","JFK INTERNATIONAL AIRPORT, NY US","2020-06-07","12.97",,"0.00","0.0","0.0","72","78","63","  330","  330","23.9","35.1",,,,,,,,
"USW00094789","JFK INTERNATIONAL AIRPORT, NY US","2020-06-08","12.30",,"0.00","0.0","0.0","68","78","60","  190","  190","21.9","25.9",,,,,,,,
"USW00094789","JFK INTERNATIONAL AIRPORT, NY US","2020-06-09","10.96",,"0.00","0.0","0.0","71","81","62","  190","  190","21.9","25.9",,,,,,,,
"USW00094789","JFK INTERNATIONAL AIRPORT, NY US","2020-06-10","12.75",,"0.00","0.0","0.0","71","79","64","  180","  180","25.9","36.0",,,,,,,,
"USW00094789","JFK INTERNATIONAL AIRPORT, NY US","2020-06-11","15.21",,"0.77","0.0","0.0","68","74","63","  190","  180","25.9","34.0","    1","    1","    1",,,,,
"USW00094789","JFK INTERNATIONAL AIRPORT, NY US","2020-06-12","9.40",,"0.00","0.0","0.0","71","83","65","  200","  190","19.9","21.9","    1","    1",,,,,"    1",
"USW00094789","JFK INTERNATIONAL AIRPORT, NY US","2020-06-13","11.86",,"0.00","0.0","0.0","68","73","59","  360","  340","21.9","25.9",,,,,,,,
"USW00094789","JFK INTERNATIONAL AIRPORT, NY US","2020-06-14","8.72",,"0.00","0.0","0.0","63","71","54","   20","   10","17.0","23.0",,,,,,,,
"USW00094789","JFK INTERNATIONAL AIRPORT, NY US","2020-06-15","8.05",,"0.00","0.0","0.0","64","73","56","  150","   10","15.0","21.9",,,,,,,,
"USW00094789","JFK INTERNATIONAL AIRPORT, NY US","2020-06-16","9.84",,"0.00","0.0","0.0","66","76","58","  130","   40","19.9","25.9",,,,,,,,
"USW00094789","JFK INTERNATIONAL AIRPORT, NY US","2020-06-17","9.40",,"0.00","0.0","0.0","67","80","58","  120","  120","19.9","23.0","    1",,,,,,,
"USW00094789","JFK INTERNATIONAL AIRPORT, NY US","2020-06-18","6.93",,"0.00","0.0","0.0","67","75","62","  140","  110","14.1","18.1","    1","    1",,,,,,
"USW00094789","JFK INTERNATIONAL AIRPORT, NY US","2020-06-19","6.71",,"0.00","0.0","0.0","69","78","64","  180","  170","18.1","21.0","    1","    1",,,,,"    1",
"USW00094789","JFK INTERNATIONAL AIRPORT, NY US","2020-06-20","8.28",,"0.00","0.0","0.0","71","82","64","  180","  180","18.1","23.0",,,,,,,,
"USW00094789","JFK INTERNATIONAL AIRPORT, NY US","2020-06-21","8.72",,"0.00","0.0","0.0","73","82","66","  180","  200","15.0","19.0",,,,,,,,
"USW00094789","JFK INTERNATIONAL AIRPORT, NY US","2020-06-22","11.41",,"0.00","0.0","0.0","76","87","69","  190","  190","21.9","27.1",,,,,,,,
"USW00094789","JFK INTERNATIONAL AIRPORT, NY US","2020-06-23","11.63",,"0.00","0.0","0.0","75","82","68","  160","  160","21.9","28.0",,,,,,,,
"USW00094789","JFK INTERNATIONAL AIRPORT, NY US","2020-06-24","12.53",,"0.00","0.0","0.0","78","88","71","  260","  280","21.9","27.1",,,,,,,,
"USW00094789","JFK INTERNATIONAL AIRPORT, NY US","2020-06-25","8.95",,"0.00","0.0","0.0","77","85","68","  180","  190","21.9","25.9",,,,,,,,
"USW00094789","JFK INTERNATIONAL AIRPORT, NY US","2020-06-26","10.96",,"0.00","0.0","0.0","76","86","67","  190","  190","23.9","27.1",,,,,,,,
"USW00094789","JFK INTERNATIONAL AIRPORT, NY US","2020-06-27","8.50",,"0.25","0.0","0.0","75","80","67","  240","  240","18.1","21.9","    1",,"    1",,,,,
"USW00094789","JFK INTERNATIONAL AIRPORT, NY US","2020-06-28","8.28",,"0.52","0.0","0.0","77","86","68","  220","  220","32.0","42.9","    1",,"    1",,,,,
"USW00094789","JFK INTERNATIONAL AIRPORT, NY US","2020-06-29","10.29",,"0.02","0.0","0.0","77","89","68","   40","   40","21.0","25.9",,,"    1",,,,,
"USW00094789","JFK INTERNATIONAL AIRPORT, NY US","2020-06-30","7.61",,"0.00","0.0","0.0","73","81","67","  160",,"21.0",,,,,,,,,
"USW00094789","JFK INTERNATIONAL AIRPORT, NY US","2020-07-01","5.82",,"0.06","0.0","0.0","71","80","66","  190","  180","16.1","21.0","    1",,"    1",,,,,
"USW00094789","JFK INTERNATIONAL AIRPORT, NY US","2020-07-02","5.82",,"0.00","0.0","0.0","75","90","65","  340","  340","18.1","23.9",,,,,,,,
"USW00094789","JFK INTERNATIONAL AIRPORT, NY US","2020-07-03","8.50",,"0.42","0.0","0.0","82","91","70","  110","  110","21.0","25.9","    1",,"    1",,,,,
"USW00094789","JFK INTERNATIONAL AIRPORT, NY US","2020-07-04","9.62",,"0.00","0.0","0.0","74","85","68","  190","   10","14.1","19.9","    1",,,,,,,
"USW00094789","JFK INTERNATIONAL AIRPORT, NY US","2020-07-05","8.72",,"0.00","0.0","0.0","77","88","71","  220","  200","16.1","21.0",,,,,,,,
"USW00094789","JFK INTERNATIONAL AIRPORT, NY US","2020-07-06","8.72",,"0.03","0.0","0.0","80","91","71","  180","  170","25.1","33.1",,,"    1",,,,,
"USW00094789","JFK INTERNATIONAL AIRPORT, NY US","2020-07-07","9.62",,"0.00","0.0","0.0","75","82","71","  180","  180","18.1","21.0",,,,,,,,
"USW00094789","JFK INTERNATIONAL AIRPORT, NY US","2020-07-08","11.86",,"0.02","0.0","0.0","78","84","74","  180","  170","19.9","23.0",,,,,,,,
"USW00094789","JFK INTERNATIONAL AIRPORT, NY US","2020-07-09","7.83",,"0.00","0.0","0.0","78","86","73","  150","  150","15.0","18.1",,,,,,,,
"USW00094789","JFK INTERNATIONAL AIRPORT, NY US","2020-07-10","17.00",,"2.33","0.0","0.0","76","79","73","   90","  100","36.9","46.1","    1",,"    1",,,,,
"USW00094789","JFK INTERNATIONAL AIRPORT, NY US","2020-07-11","14.32",,"0.04","0.0","0.0","76","82","74","  210","  200","30.0","36.9","    1",,"    1",,,,"    1",
"USW00094789","JFK INTERNATIONAL AIRPORT, NY US","2020-07-12","13.87",,"0.00","0.0","0.0","80","90","73","  230","  230","23.0","27.1",,,,,,,,
"USW00094789","JFK INTERNATIONAL AIRPORT, NY US","2020-07-13","10.96",,"0.00","0.0","0.0","80","88","72","  200","  200","21.0","23.0",,,,,,,,
"USW00094789","JFK INTERNATIONAL AIRPORT, NY US","2020-07-14","10.07",,"0.00","0.0","0.0","80","88","72","   30","   10","23.0","27.1",,,,,,,,
"USW00094789","JFK INTERNATIONAL AIRPORT, NY US","2020-07-15","9.17",,"0.00","0.0","0.0","75","78","70","  160","  170","15.0","19.9",,,,,,,,
"USW00094789","JFK INTERNATIONAL AIRPORT, NY US","2020-07-16","10.51",,"0.00","0.0","0.0","72","76","68","  140","  130","18.1","25.9",,,,,,,,
"USW00094789","JFK INTERNATIONAL AIRPORT, NY US","2020-07-17","9.62",,"0.10","0.0","0.0","73","81","69","  180","  190","17.0","21.0","    1",,,,,,,
"USW00094789","JFK INTERNATIONAL AIRPORT, NY US","2020-07-18","5.82",,"0.00","0.0","0.0","80","89","71","  180","  200","14.1","17.0","    1",,,,,,,
"USW00094789","JFK INTERNATIONAL AIRPORT, NY US","2020-07-19","12.30",,"0.00","0.0","0.0","80","88","74","  180","  180","23.9","29.1",,,,,,,,
"USW00094789","JFK INTERNATIONAL AIRPORT, NY US","2020-07-20","10.51",,"0.00","0.0","0.0","85","97","77","  230","  230","21.9","25.1",,,,,,,,
"USW00094789","JFK INTERNATIONAL AIRPORT, NY US","2020-07-21","7.61",,"0.00","0.0","0.0","85","90","76","  170","  160","17.0","19.9",,,"    1",,,,,
"USW00094789","JFK INTERNATIONAL AIRPORT, NY US","2020-07-22","8.95",,"0.69","0.0","0.0","81","90","73","  290","  300","40.9","52.1","    1",,"    1",,,,,
"USW00094789","JFK INTERNATIONAL AIRPORT, NY US","2020-07-23","11.86",,"0.05","0.0","0.0","77","85","74","  230","  230","25.1","31.1","    1",,"    1",,,,,
"USW00094789","JFK INTERNATIONAL AIRPORT, NY US","2020-07-24","5.59",,"0.35","0.0","0.0","77","79","72","  230","  230","23.9","30.0","    1",,"    1",,,,,
"USW00094789","JFK INTERNATIONAL AIRPORT, NY US","2020-07-25","8.28",,"0.00","0.0","0.0","78","85","71","  190","  190","18.1","21.9","    1",,,,,,"    1",
"USW00094789","JFK INTERNATIONAL AIRPORT, NY US","2020-07-26","11.41",,"0.00","0.0","0.0","82","93","76","  270","  270","23.0","25.9",,,,,,,,
"USW00094789","JFK INTERNATIONAL AIRPORT, NY US","2020-07-27","12.75",,"0.00","0.0","0.0","85","94","76","  230","  240","21.9","25.1",,,,,,,,
"USW00094789","JFK INTERNATIONAL AIRPORT, NY US","2020-07-28","11.63",,"0.00","0.0","0.0","86","93","79","  230","  220","23.0","25.9",,,,,,,,
"USW00094789","JFK INTERNATIONAL AIRPORT, NY US","2020-07-29","9.17",,"0.00","0.0","0.0","82","86","75","  160",,"17.0",,,,,,,,,
"USW00094789","JFK INTERNATIONAL AIRPORT, NY US","2020-07-30","8.95",,"0.00","0.0","0.0","81","88","74","  190","  190","18.1","23.0","    1",,"    1",,,,,
"USW00094789","JFK INTERNATIONAL AIRPORT, NY US","2020-07-31","7.61",,"1.07","0.0","0.0","76","82","70","  260","  250","38.0","45.0","    1",,"    1",,,,,
"USW00094789","JFK INTERNATIONAL AIRPORT, NY US","2020-08-01","7.61",,"0.00","0.0","0.0","78","86","71","  170","  160","16.1","19.9","    1",,,,,,"    1",
"USW00094789","JFK INTERNATIONAL AIRPORT, NY US","2020-08-02","16.33",,"0.00","0.0","0.0","80","85","76","  180","  180","28.0","35.1",,,,,,,,
"USW00094789","JFK INTERNATIONAL AIRPORT, NY US","2020-08-03","11.63",,"0.13","0.0","0.0","81","88","71","  210","  200","42.9","52.1","    1",,"    1",,,,,
"USW00094789","JFK INTERNATIONAL AIRPORT, NY US","2020-08-04","18.12",,"0.12","0.0","0.0","77","82","72","  150","  160","53.9","70.0","    1",,"    1",,,,"    1",
"USW00094789","JFK INTERNATIONAL AIRPORT, NY US","2020-08-05","8.72",,"0.00","0.0","0.0","78","88","70","  230","  230","17.0","23.0",,,,,,,,
"USW00094789","JFK INTERNATIONAL AIRPORT, NY US","2020-08-06","5.14",,"0.03","0.0","0.0","75","79","69","  160","  180","14.1","16.1",,,"    1",,,,,
"USW00094789","JFK INTERNATIONAL AIRPORT, NY US","2020-08-07","7.61",,"0.36","0.0","0.0","73","80","68","  120","  120","16.1","19.0","    1",,"    1",,,,"    1",
"USW00094789","JFK INTERNATIONAL AIRPORT, NY US","2020-08-08","5.37",,"0.00","0.0","0.0","74","83","71","  150","  150","14.1","16.1",,,,,,,,
"USW00094789","JFK INTERNATIONAL AIRPORT, NY US","2020-08-09","10.74",,"0.00","0.0","0.0","76","82","70","  180","  190","21.9","27.1",,,,,,,,
"USW00094789","JFK INTERNATIONAL AIRPORT, NY US","2020-08-10","10.74",,"0.00","0.0","0.0","79","87","74","  190","  180","23.0","27.1","    1",,,,,,,
"USW00094789","JFK INTERNATIONAL AIRPORT, NY US","2020-08-11","10.96",,"0.00","0.0","0.0","78","83","72","  180","  180","23.9","30.0","    1","    1",,,,,"    1",
"USW00094789","JFK INTERNATIONAL AIRPORT, NY US","2020-08-12","6.04",,"0.50","0.0","0.0","78","86","74","  190","  180","14.1","16.1","    1",,"    1",,,,"    1",
"USW00094789","JFK INTERNATIONAL AIRPORT, NY US","2020-08-13","3.80",,"0.01","0.0","0.0","77","80","74","   40","   30","12.1","13.0","    1",,"    1",,,,"    1",
"USW00094789","JFK INTERNATIONAL AIRPORT, NY US","2020-08-14","8.28",,"0.00","0.0","0.0","79","86","72","  110","  100","21.0","25.1","    1",,,,,,"    1",
"USW00094789","JFK INTERNATIONAL AIRPORT, NY US","2020-08-15","11.41",,"0.00","0.0","0.0","76","85","70","   60","   70","18.1","23.0",,,,,,,,
"USW00094789","JFK INTERNATIONAL AIRPORT, NY US","2020-08-16","13.20",,"0.29","0.0","0.0","70","71","67","   20","   10","21.9","25.9","    1",,,,,,,
"USW00094789","JFK INTERNATIONAL AIRPORT, NY US","2020-08-17","10.74",,"0.06","0.0","0.0","71","78","63","  190","  200","23.0","28.0","    1",,"    1",,,,,
"USW00094789","JFK INTERNATIONAL AIRPORT, NY US","2020-08-18","9.17",,"0.07","0.0","0.0","73","84","62","  280","  280","23.9","29.1",,,,,,,,
"USW00094789","JFK INTERNATIONAL AIRPORT, NY US","2020-08-19","4.25",,"0.35","0.0","0.0","71","76","66","   40","  290","13.0","16.1","    1",,"    1",,,,,
"USW00094789","JFK INTERNATIONAL AIRPORT, NY US","2020-08-20","7.61",,"0.00","0.0","0.0","71","79","62","  180","  170","15.0","19.0",,,,,,,,
"USW00094789","JFK INTERNATIONAL AIRPORT, NY US","2020-08-21","12.97",,"0.00","0.0","0.0","74","82","69","  190","  190","23.0","27.1",,,,,,,,
"USW00094789","JFK INTERNATIONAL AIRPORT, NY US","2020-08-22","10.51",,"0.00","0.0","0.0","78","86","73","  190","  190","21.0","23.9",,,,,,,,
"USW00094789","JFK INTERNATIONAL AIRPORT, NY US","2020-08-23","8.05",,"0.00","0.0","0.0","76","83","70","  190","  180","15.0","19.9",,,,,,,,
"USW00094789","JFK INTERNATIONAL AIRPORT, NY US","2020-08-24","8.95",,"0.00","0.0","0.0","79","88","73","  260","  250","17.0","21.9",,,,,,,,
"USW00094789","JFK INTERNATIONAL AIRPORT, NY US","2020-08-25","13.42",,"0.08","0.0","0.0","83","92","72","  310","  310","35.1","44.1",,,"    1",,,,"    1",
"USW00094789","JFK INTERNATIONAL AIRPORT, NY US","2020-08-26","13.87",,"0.00","0.0","0.0","75","81","68","  310","  300","25.1","31.1",,,,,,,,
"USW00094789","JFK INTERNATIONAL AIRPORT, NY US","2020-08-27","8.95",,"0.69","0.0","0.0","77","92","68","  360","  330","40.9","51.0","    1",,"    1",,,,,
"USW00094789","JFK INTERNATIONAL AIRPORT, NY US","2020-08-28","11.41",,"0.03","0.0","0.0","77","87","71","  190","  190","21.9","25.1","    1",,"    1",,,,,
"USW00094789","JFK INTERNATIONAL AIRPORT, NY US","2020-08-29","11.41",,"0.10","0.0","0.0","74","79","72","  300","  300","18.1","25.1","    1",,,,,,,
"USW00094789","JFK INTERNATIONAL AIRPORT, NY US","2020-08-30","12.97",,"0.00","0.0","0.0","75","82","63","  300","  310","23.9","34.0",,,,,,,,
"USW00094789","JFK INTERNATIONAL AIRPORT, NY US","2020-08-31","6.71",,"0.00","0.0","0.0","69","75","60","  140","  140","10.1","14.1",,,,,,,,
"USW00094789","JFK INTERNATIONAL AIRPORT, NY US","2020-09-01","11.18",,"0.20","0.0","0.0","72","79","67","   90","  100","17.0","23.9","    1",,,,,,,
"USW00094789","JFK INTERNATIONAL AIRPORT, NY US","2020-09-02","9.84",,"0.07","0.0","0.0","73","80","70","  180","  180","17.0","21.0","    1",,,,,,,
"USW00094789","JFK INTERNATIONAL AIRPORT, NY US","2020-09-03","9.84",,"0.51","0.0","0.0","78","86","73","  180","  350","21.0","25.9","    1",,"    1",,,,,
"USW00094789","JFK INTERNATIONAL AIRPORT, NY US","2020-09-04","8.28",,"0.00","0.0","0.0","78","88","69","  310","  320","16.1","23.0",,,,,,,,
"USW00094789","JFK INTERNATIONAL AIRPORT, NY US","2020-09-05","10.51",,"0.00","0.0","0.0","72","78","64","  210","  210","19.9","25.1",,,,,,,,
"USW00094789","JFK INTERNATIONAL AIRPORT, NY US","2020-09-06","10.51",,"0.00","0.0","0.0","72","80","63","  180","  180","21.9","27.1",,,,,,,,
"USW00094789","JFK INTERNATIONAL AIRPORT, NY US","2020-09-07","6.93",,"0.00","0.0","0.0","72","79","63","  160","  160","16.1","19.9",,,,,,,,
"USW00094789","JFK INTERNATIONAL AIRPORT, NY US","2020-09-08","5.37",,"0.00","0.0","0.0","72","79","63","  160",,"8.9",,"    1",,,,,,,
"USW00094789","JFK INTERNATIONAL AIRPORT, NY US","2020-09-09","6.04",,"0.00","0.0","0.0","73","79","67","  140",,"10.1",,,,,,,,,
"USW00094789","JFK INTERNATIONAL AIRPORT, NY US","2020-09-10","6.49",,"1.36","0.0","0.0","75","81","73","  180",,"8.9",,"    1",,,,,,,
"USW00094789","JFK INTERNATIONAL AIRPORT, NY US","2020-09-11","9.40",,"0.00","0.0","0.0","74","76","65","   30","   30","17.0","21.0",,,,,,,,
"USW00094789","JFK INTERNATIONAL AIRPORT, NY US","2020-09-12","11.18",,"0.00","0.0","0.0","66","71","59","  130","  110","17.0","23.9",,,,,,,,
"USW00094789","JFK INTERNATIONAL AIRPORT, NY US","2020-09-13","10.51",,"0.00","0.0","0.0","67","75","60","  170","  150","15.0","23.0",,,,,,,,
"USW00094789","JFK INTERNATIONAL AIRPORT, NY US","2020-09-14","13.42",,"0.00","0.0","0.0","73","76","59","   10","  350","21.9","31.1",,,,,,,,
"USW00094789","JFK INTERNATIONAL AIRPORT, NY US","2020-09-15","8.05",,"0.00","0.0","0.0","61","70","53","  360","   10","21.0","25.9",,,,,,,"    1",
"USW00094789","JFK INTERNATIONAL AIRPORT, NY US","2020-09-16","9.84",,"0.00","0.0","0.0","63","72","55","  210","  200","17.0","21.9",,,,,,,,
"USW00094789","JFK INTERNATIONAL AIRPORT, NY US","2020-09-17","6.71",,"0.00","0.0","0.0","69","74","64","  230","  220","13.0","16.1",,,,,,,,
"USW00094789","JFK INTERNATIONAL AIRPORT, NY US","2020-09-18","15.43",,"0.04","0.0","0.0","68","72","55","   10","   10","28.0","35.1","    1",,,,,,,
"USW00094789","JFK INTERNATIONAL AIRPORT, NY US","2020-09-19","13.20",,"0.00","0.0","0.0","58","66","49","   20","  360","23.9","32.0",,,,,,,,
"USW00094789","JFK INTERNATIONAL AIRPORT, NY US","2020-09-20","11.41",,"0.00","0.0","0.0","56","65","49","   30","   40","28.0","32.0",,,,,,,,
"USW00094789","JFK INTERNATIONAL AIRPORT, NY US","2020-09-21","9.17",,"0.00","0.0","0.0","56","67","46","   40","   70","21.0","25.1",,,,,,,,
"USW00094789","JFK INTERNATIONAL AIRPORT, NY US","2020-09-22","13.42",,"0.00","0.0","0.0","60","74","47","  330","  340","23.0","30.0",,,,,,,,
"USW00094789","JFK INTERNATIONAL AIRPORT, NY US","2020-09-23","10.51",,"0.00","0.0","0.0","68","82","56","  310","  300","21.9","25.9",,,,,,,,
"USW00094789","JFK INTERNATIONAL AIRPORT, NY US","2020-09-24","5.82",,"0.00","0.0","0.0","67","76","56","  240","  240","13.0","14.1",,,,,,,,
"USW00094789","JFK INTERNATIONAL AIRPORT, NY US","2020-09-25","5.82",,"0.00","0.0","0.0","67","75","58","  170","  140","12.1","19.0","    1",,,,,,"    1",
"USW00094789","JFK INTERNATIONAL AIRPORT, NY US","2020-09-26","6.71",,"0.00","0.0","0.0","68","76","62","  100","  100","16.1","19.9",,,,,,,,
"USW00094789","JFK INTERNATIONAL AIRPORT, NY US","2020-09-27","6.04",,"0.06","0.0","0.0","71","79","66","  160","  160","15.0","19.0","    1",,,,,,,
"USW00094789","JFK INTERNATIONAL AIRPORT, NY US","2020-09-28","14.32",,"0.04","0.0","0.0","71","77","68","  170","  170","21.0","25.1","    1",,,,,,,
"USW00094789","JFK INTERNATIONAL AIRPORT, NY US","2020-09-29","12.30",,"0.13","0.0","0.0","70","72","67","  170","  160","23.9","36.0","    1",,,,,,,
"USW00094789","JFK INTERNATIONAL AIRPORT, NY US","2020-09-30","17.90",,"0.45","0.0","0.0","68","72","61","  180","  190","38.0","48.1","    1",,,,,,,
"USW00094789","JFK INTERNATIONAL AIRPORT, NY US","2020-10-01","11.18",,"0.00","0.0","0.0","66","75","60","  230","  230","21.0","23.9",,,,,,,"    1",
"USW00094789","JFK INTERNATIONAL AIRPORT, NY US","2020-10-02","9.62",,"0.04","0.0","0.0","63","68","55","  300","  310","21.0","25.1",,,,,,,,
"USW00094789","JFK INTERNATIONAL AIRPORT, NY US","2020-10-03","8.28",,"0.00","0.0","0.0","60","68","51","  230","  220","17.0","21.0",,,,,,,,
"USW00094789","JFK INTERNATIONAL AIRPORT, NY US","2020-10-04","6.93",,"0.00","0.0","0.0","58","69","47","  130","  140","15.0","19.9",,,,,,,,
"USW00094789","JFK INTERNATIONAL AIRPORT, NY US","2020-10-05","6.71",,"0.00","0.0","0.0","61","70","53","   20","   10","15.0","18.1",,,,,,,,
"USW00094789","JFK INTERNATIONAL AIRPORT, NY US","2020-10-06","9.84",,"0.07","0.0","0.0","62","70","56","  220","  210","21.0","25.1","    1",,,,,,,
"USW00094789","JFK INTERNATIONAL AIRPORT, NY US","2020-10-07","18.12",,"0.00","0.0","0.0","66","78","59","  330","  290","29.1","38.0",,,,,,,,
"USW00094789","JFK INTERNATIONAL AIRPORT, NY US","2020-10-08","15.43",,"0.00","0.0","0.0","62","67","52","  310","  310","25.9","33.1",,,,,,,,
"USW00094789","JFK INTERNATIONAL AIRPORT, NY US","2020-10-09","8.05",,"0.00","0.0","0.0","58","68","48","  220","  220","19.9","25.9",,,,,,,,
"USW00094789","JFK INTERNATIONAL AIRPORT, NY US","2020-10-10","12.75",,"0.00","0.0","0.0","64","71","59","  220","  220","21.0","23.9",,,,,,,,
"USW00094789","JFK INTERNATIONAL AIRPORT, NY US","2020-10-11","11.41",,"0.00","0.0","0.0","66","69","57","   80","   70","21.0","27.1",,,,,,,,
"USW00094789","JFK INTERNATIONAL AIRPORT, NY US","2020-10-12","15.66",,"1.10","0.0","0.0","55","57","50","   50","   40","23.0","29.1","    1",,,,,,,
"USW00094789","JFK INTERNATIONAL AIRPORT, NY US","2020-10-13","14.76",,"0.14","0.0","0.0","58","61","56","   30","   30","21.9","29.1","    1",,,,,,,
"USW00094789","JFK INTERNATIONAL AIRPORT, NY US","2020-10-14","10.51",,"0.00","0.0","0.0","59","69","51","  230","  310","19.9","23.0",,,,,,,,
"USW00094789","JFK INTERNATIONAL AIRPORT, NY US","2020-10-15","14.76",,"0.00","0.0","0.0","62","70","55","  180","  170","25.1","35.1",,,,,,,,
"USW00094789","JFK INTERNATIONAL AIRPORT, NY US","2020-10-16","11.63",,"1.54","0.0","0.0","60","65","48","  320","  320","23.0","25.9","    1",,,,,,,
"USW00094789","JFK INTERNATIONAL AIRPORT, NY US","2020-10-17","8.95",,"0.15","0.0","0.0","53","62","45","  310","   20","19.9","25.1","    1",,,,,,,
"USW00094789","JFK INTERNATIONAL AIRPORT, NY US","2020-10-18","8.95",,"0.00","0.0","0.0","53","63","42","  140","  140","19.9","23.9",,,,,,,,
"USW00094789","JFK INTERNATIONAL AIRPORT, NY US","2020-10-19","7.83",,"0.00","0.0","0.0","57","67","49","  140","  140","16.1","19.9",,,,,,,,
"USW00094789","JFK INTERNATIONAL AIRPORT, NY US","2020-10-20","4.92",,"0.03","0.0","0.0","62","70","57","  150","  150","10.1","13.0","    1","    1",,,,,"    1",
"USW00094789","JFK INTERNATIONAL AIRPORT, NY US","2020-10-21","4.47",,"0.00","0.0","0.0","63","68","60","  140","  140","12.1","15.0","    1","    1",,,,,,
"USW00094789","JFK INTERNATIONAL AIRPORT, NY US","2020-10-22","3.80",,"0.00","0.0","0.0","64","67","60","  150","   80","6.9","12.1","    1",,,,,,,
"USW00094789","JFK INTERNATIONAL AIRPORT, NY US","2020-10-23","5.82",,"0.01","0.0","0.0","64","68","61","  140","  140","13.0","15.0","    1","    1",,,,,,
"USW00094789","JFK INTERNATIONAL AIRPORT, NY US","2020-10-24","10.07",,"0.00","0.0","0.0","64","70","50","  340","  360","19.9","23.9",,,,,,,,
"USW00094789","JFK INTERNATIONAL AIRPORT, NY US","2020-10-25","9.84",,"0.02","0.0","0.0","50","54","44","  360","   80","18.1","21.9","    1",,,,,,,
"USW00094789","JFK INTERNATIONAL AIRPORT, NY US","2020-10-26","8.05",,"0.11","0.0","0.0","54","59","51","   80","   90","18.1","23.9","    1","    1",,,,,,
"USW00094789","JFK INTERNATIONAL AIRPORT, NY US","2020-10-27","6.71",,"0.00","0.0","0.0","58","60","54","  350","  360","19.9","21.9","    1","    1",,,,,,
"USW00094789","JFK INTERNATIONAL AIRPORT, NY US","2020-10-28","5.82",,"0.10","0.0","0.0","55","58","52","  240","  280","10.1","12.1","    1",,,,,,,
"USW00094789","JFK INTERNATIONAL AIRPORT, NY US","2020-10-29","13.42",,"1.19","0.0","0.0","54","57","46","   30","   30","28.0","36.0","    1",,,,,,,
"USW00094789","JFK INTERNATIONAL AIRPORT, NY US","2020-10-30","15.88",,"0.48","0.0","0.0","44","46","36","   20","   20","29.1","38.9","    1",,,,,,,
"USW00094789","JFK INTERNATIONAL AIRPORT, NY US","2020-10-31","6.93",,"0.00","0.0","0.0","39","47","32","  240","  240","15.0","17.0",,,,,,,,
"USW00094789","JFK INTERNATIONAL AIRPORT, NY US","2020-11-01","15.88",,"0.61","0.0","0.0","50","58","45","  290","  290","31.1","38.9","    1",,,,,,,
"USW00094789","JFK INTERNATIONAL AIRPORT, NY US","2020-11-02","22.82",,"0.00","0.0","0.0","44","46","39","  290","  290","38.9","49.0",,,,,,,,
"USW00094789","JFK INTERNATIONAL AIRPORT, NY US","2020-11-03","18.57",,"0.00","0.0","0.0","47","56","41","  250","  250","33.1","40.9",,,,,,,,
"USW00094789","JFK INTERNATIONAL AIRPORT, NY US","2020-11-04","10.74",,"0.00","0.0","0.0","49","63","37","  200","  200","23.9","29.1",,,,,,,,
"USW00094789","JFK INTERNATIONAL AIRPORT, NY US","2020-11-05","7.16",,"0.00","0.0","0.0","54","63","44","  190","  190","17.0","21.0","    1","    1",,,,,,
"USW00094789","JFK INTERNATIONAL AIRPORT, NY US","2020-11-06","7.16",,"0.00","0.0","0.0","56","65","49","  180","  180","14.1","16.1","    1",,,,,,,
"USW00094789","JFK INTERNATIONAL AIRPORT, NY US","2020-11-07","6.93",,"0.00","0.0","0.0","58","73","47","  190","  210","12.1","13.0",,,,,,,,
"USW00094789","JFK INTERNATIONAL AIRPORT, NY US","2020-11-08","3.36",,"0.00","0.0","0.0","58","74","47","  250","  250","10.1","11.0","    1",,,,,,,
"USW00094789","JFK INTERNATIONAL AIRPORT, NY US","2020-11-09","3.36",,"0.00","0.0","0.0","56","74","44","  180","  180","12.1","12.1","    1",,,,,,,
"USW00094789","JFK INTERNATIONAL AIRPORT, NY US","2020-11-10","8.72",,"0.00","0.0","0.0","59","69","51","  190","  190","18.1","21.9","    1",,,,,,,
"USW00094789","JFK INTERNATIONAL AIRPORT, NY US","2020-11-11","9.84",,"0.86","0.0","0.0","62","66","58","  190","  190","23.0","28.0","    1","    1",,,,,,
"USW00094789","JFK INTERNATIONAL AIRPORT, NY US","2020-11-12","11.63",,"0.32","0.0","0.0","59","65","46","  350","  360","25.1","31.1","    1",,,,,,,
"USW00094789","JFK INTERNATIONAL AIRPORT, NY US","2020-11-13","8.50",,"0.15","0.0","0.0","49","52","45","  340","  320","16.1","21.0","    1",,,,,,,
"USW00094789","JFK INTERNATIONAL AIRPORT, NY US","2020-11-14","10.96",,"0.00","0.0","0.0","48","53","39","  330","  320","21.0","25.9",,,,,,,,
"USW00094789","JFK INTERNATIONAL AIRPORT, NY US","2020-11-15","18.12",,"0.34","0.0","0.0","47","63","34","  270","  280","47.0","59.1","    1",,,,,,,
"USW00094789","JFK INTERNATIONAL AIRPORT, NY US","2020-11-16","16.33",,"0.00","0.0","0.0","53","55","44","  270","  270","29.1","36.9",,,,,,,,
"USW00094789","JFK INTERNATIONAL AIRPORT, NY US","2020-11-17","14.76",,"0.00","0.0","0.0","46","50","36","  320","  320","30.0","36.0",,,,,,,,
"USW00094789","JFK INTERNATIONAL AIRPORT, NY US","2020-11-18","17.90",,"0.00","0.0","0.0","36","37","28","  340","  320","29.1","40.0",,,,,,,,
"USW00094789","JFK INTERNATIONAL AIRPORT, NY US","2020-11-19","11.63",,"0.00","0.0","0.0","36","49","26","  230","  220","21.9","27.1",,,,,,,,
"USW00094789","JFK INTERNATIONAL AIRPORT, NY US","2020-11-20","10.96",,"0.00","0.0","0.0","49","60","44","  230","  230","19.9","23.9",,,,,,,,
"USW00094789","JFK INTERNATIONAL AIRPORT, NY US","2020-11-21","9.84",,"0.00","0.0","0.0","54","66","44","   20","   20","17.0","21.0",,,,,,,,
"USW00094789","JFK INTERNATIONAL AIRPORT, NY US","2020-11-22","13.87",,"0.01","0.0","0.0","50","59","44","  120","  120","23.9","32.0",,,,,,,,
"USW00094789","JFK INTERNATIONAL AIRPORT, NY US","2020-11-23","16.78",,"0.75","0.0","0.0","54","59","41","  310","  320","35.1","42.9","    1",,,,,,,
"USW00094789","JFK INTERNATIONAL AIRPORT, NY US","2020-11-24","10.29",,"0.00","0.0","0.0","44","50","39","  310","  330","19.9","23.9",,,,,,,,
"USW00094789","JFK INTERNATIONAL AIRPORT, NY US","2020-11-25","7.83",,"0.00","0.0","0.0","47","55","42","  220","  190","18.1","23.0",,,,,,,,
"USW00094789","JFK INTERNATIONAL AIRPORT, NY US","2020-11-26","12.53",,"0.47","0.0","0.0","57","66","47","  190","  190","28.0","35.1","    1",,,,,,,
"USW00094789","JFK INTERNATIONAL AIRPORT, NY US","2020-11-27","7.16",,"0.00","0.0","0.0","53","63","44","  240","  240","14.1","16.1","    1",,,,,,,
"USW00094789","JFK INTERNATIONAL AIRPORT, NY US","2020-11-28","8.50",,"0.00","0.0","0.0","51","57","42","  330","  340","21.9","25.9",,,,,,,,
"USW00094789","JFK INTERNATIONAL AIRPORT, NY US","2020-11-29","7.83",,"0.00","0.0","0.0","45","52","38","  220","  220","15.0","18.1",,,,,,,,
"USW00094789","JFK INTERNATIONAL AIRPORT, NY US","2020-11-30","18.57",,"1.14","0.0","0.0","54","63","47","  150","  150","42.9","57.9","    1",,,,,,,
"USW00094789","JFK INTERNATIONAL AIRPORT, NY US","2020-12-01","19.24",,"0.00","0.0","0.0","53","60","38","  250","  250","33.1","40.0","    1",,,,,,,
"USW00094789","JFK INTERNATIONAL AIRPORT, NY US","2020-12-02","20.80",,"0.00","0.0","0.0","41","46","37","  250","  250","29.1","36.0",,,,,,,,
"USW00094789","JFK INTERNATIONAL AIRPORT, NY US","2020-12-03","13.20",,"0.00","0.0","0.0","41","49","35","  250","  240","21.0","23.9",,,,,,,,
"USW00094789","JFK INTERNATIONAL AIRPORT, NY US","2020-12-04","10.51",,"0.10","0.0","0.0","47","52","44","  210","  220","21.0","25.9",,,,,,,,
"USW00094789","JFK INTERNATIONAL AIRPORT, NY US","2020-12-05","18.34",,"1.13","0.0","0.0","44","47","39","  330","  330","33.1","42.1","    1",,,,,,,
"USW00094789","JFK INTERNATIONAL AIRPORT, NY US","2020-12-06","18.12",,"0.00","0.0","0.0","39","42","33","  310","  300","32.0","38.0",,,,,,,,
"USW00094789","JFK INTERNATIONAL AIRPORT, NY US","2020-12-07","8.95",,"0.00","0.0","0.0","35","42","30","  360","   10","18.1","23.0",,,,,,,,
"USW00094789","JFK INTERNATIONAL AIRPORT, NY US","2020-12-08","14.99",,"0.00","0.0","0.0","33","36","30","  330","  360","19.9","23.9",,,,,,,,
"USW00094789","JFK INTERNATIONAL AIRPORT, NY US","2020-12-09","14.99",,"0.01","0.0","0.0","34","38","32","  270","  270","23.9","23.9","    1",,,,,,,
"USW00094789","JFK INTERNATIONAL AIRPORT, NY US","2020-12-10","11.41",,"0.00","0.0","0.0","41","49","36","  330","  330","21.0","25.9",,,,,,,,
"USW00094789","JFK INTERNATIONAL AIRPORT, NY US","2020-12-11","8.72",,"0.00","0.0","0.0","42","52","32","  200","  200","18.1","23.0",,,,,,,,
"USW00094789","JFK INTERNATIONAL AIRPORT, NY US","2020-12-12","7.83",,"0.00","0.0","0.0","48","55","41","  200","  200","16.1","16.1","    1","    1",,,,,"    1",
"USW00094789","JFK INTERNATIONAL AIRPORT, NY US","2020-12-13","10.51",,"0.00","0.0","0.0","52","61","46","  280","  280","21.9","30.0",,,,,,,,
"USW00094789","JFK INTERNATIONAL AIRPORT, NY US","2020-12-14","10.51",,"0.28","0.0","0.0","43","45","36","  330","  320","32.0","40.0",,,,,,,,
"USW00094789","JFK INTERNATIONAL AIRPORT, NY US","2020-12-15","14.76",,"0.00","0.0","0.0","37","41","30","  310","  300","25.1","31.1",,,,,,,,
"USW00094789","JFK INTERNATIONAL AIRPORT, NY US","2020-12-16","18.34",,"0.39","3.8","0.0","30","32","25","   70","   70","33.1","38.9","    1",,,"    1",,,,
"USW00094789","JFK INTERNATIONAL AIRPORT, NY US","2020-12-17","19.46",,"0.48","3.4","5.9","30","33","25","   20","   20","33.1","42.9","    1",,,"    1",,,,"    1"
"USW00094789","JFK INTERNATIONAL AIRPORT, NY US","2020-12-18","12.53",,"0.00","0.0","7.1","27","32","23","  360","  360","18.1","23.9",,,,,,,,
"USW00094789","JFK INTERNATIONAL AIRPORT, NY US","2020-12-19","5.37",,"0.00","0.0","7.1","26","32","18","  340","  350","14.1","17.0",,,,,,,,
"USW00094789","JFK INTERNATIONAL AIRPORT, NY US","2020-12-20","4.70",,"0.08","0.0","5.9","32","39","28","  260","  260","13.0","15.0","    1",,,,,,,
"USW00094789","JFK INTERNATIONAL AIRPORT, NY US","2020-12-21","6.26",,"0.00","0.0","5.1","37","40","33","  250","  240","19.9","21.9","    1",,,,,,"    1",
"USW00094789","JFK INTERNATIONAL AIRPORT, NY US","2020-12-22","13.42",,"0.00","0.0","3.1","40","45","36","  300","  290","29.1","36.9","    1",,,,,,"    1",
"USW00094789","JFK INTERNATIONAL AIRPORT, NY US","2020-12-23","9.62",,"0.00","0.0","2.0","40","43","35","  310","  310","25.9","34.0",,,,,,,,
"USW00094789","JFK INTERNATIONAL AIRPORT, NY US","2020-12-24","20.36",,"0.12","0.0","0.0","49","58","40","  140","  150","32.0","42.1","    1",,,,,,,
"USW00094789","JFK INTERNATIONAL AIRPORT, NY US","2020-12-25","24.16",,"0.59","0.0","0.0","53","60","29","  150","  150","44.1","59.1","    1",,,,,,,
"USW00094789","JFK INTERNATIONAL AIRPORT, NY US","2020-12-26","19.91",,"0.00","0.0","0.0","29","33","24","  260","  260","28.0","35.1",,,,,,,,
"USW00094789","JFK INTERNATIONAL AIRPORT, NY US","2020-12-27","7.61",,"0.00","0.0","0.0","29","38","24","  280","  270","19.9","23.9",,,,,,,,
"USW00094789","JFK INTERNATIONAL AIRPORT, NY US","2020-12-28","10.96",,"0.00","0.0","0.0","41","51","33","  270","  200","19.9","23.9",,,,,,,,
"USW00094789","JFK INTERNATIONAL AIRPORT, NY US","2020-12-29","16.11",,"0.00","0.0","0.0","40","43","28","  330","  300","29.1","38.0",,,,,,,,
"USW00094789","JFK INTERNATIONAL AIRPORT, NY US","2020-12-30","9.62",,"0.00","0.0","0.0","33","43","24","  210","  210","19.9","23.9",,,,,,,,
"USW00094789","JFK INTERNATIONAL AIRPORT, NY US","2020-12-31","11.18",,"0.36","0.0","0.0","44","48","35","  330","  320","21.0","23.0","    1",,,,,,,
"USW00094789","JFK INTERNATIONAL AIRPORT, NY US","2021-01-01","7.38",,"0.63","0.0","0.0","36","40","30","   90","   90","17.0","19.9","    1",,,"    1",,,,
"USW00094789","JFK INTERNATIONAL AIRPORT, NY US","2021-01-02","13.20",,"0.07","0.0","0.0","42","53","36","  310","  310","30.0","38.9","    1",,,,,,,
"USW00094789","JFK INTERNATIONAL AIRPORT, NY US","2021-01-03","12.08",,"0.12","0.0","0.0","37","39","33","   40","   40","21.0","27.1","    1",,,"    1",,,,
"USW00094789","JFK INTERNATIONAL AIRPORT, NY US","2021-01-04","10.51",,"0.01","0.0","0.0","38","45","35","  340","  340","18.1","21.0",,,,,,,,
"USW00094789","JFK INTERNATIONAL AIRPORT, NY US","2021-01-05","9.84",,"0.00","0.0","0.0","39","43","36","  330","  330","17.0","23.0",,,,,,,,
"USW00094789","JFK INTERNATIONAL AIRPORT, NY US","2021-01-06","15.66",,"0.00","0.0","0.0","38","43","33","  310","  310","25.1","31.1",,,,,,,,
"USW00094789","JFK INTERNATIONAL AIRPORT, NY US","2021-01-07","15.21",,"0.00","0.0","0.0","36","43","31","  330","  310","23.0","28.0",,,,,,,,
"USW00094789","JFK INTERNATIONAL AIRPORT, NY US","2021-01-08","12.30",,"0.00","0.0","0.0","33","38","27","  350","  350","21.9","25.9",,,,,,,,
"USW00094789","JFK INTERNATIONAL AIRPORT, NY US","2021-01-09","16.78",,"0.00","0.0","0.0","32","38","26","  350","  350","23.9","35.1",,,,,,,,
"USW00094789","JFK INTERNATIONAL AIRPORT, NY US","2021-01-10","11.41",,"0.00","0.0","0.0","35","43","29","  340","  350","21.0","25.1",,,,,,,,
"USW00094789","JFK INTERNATIONAL AIRPORT, NY US","2021-01-11","4.70",,"0.00","0.0","0.0","32","38","26","  350","  310","10.1","14.1",,,,,,,,
"USW00094789","JFK INTERNATIONAL AIRPORT, NY US","2021-01-12","5.59",,"0.00","0.0","0.0","35","45","28","  360","  320","10.1","13.0",,,,,,,,
"USW00094789","JFK INTERNATIONAL AIRPORT, NY US","2021-01-13","6.93",,"0.00","0.0","0.0","37","44","28","  260","  280","19.9","23.0",,,,,,,,
"USW00094789","JFK INTERNATIONAL AIRPORT, NY US","2021-01-14","3.58",,"0.00","0.0","0.0","39","50","32","   10","  350","8.9","13.0","    1",,,,,,"    1",
"USW00094789","JFK INTERNATIONAL AIRPORT, NY US","2021-01-15","13.87",,"0.36","0.0","0.0","40","48","31","   90","  100","30.0","44.1","    1","    1",,,,,"    1",
"USW00094789","JFK INTERNATIONAL AIRPORT, NY US","2021-01-16","14.32",,"0.88","0.0","0.0","45","50","38","  100","   70","25.9","36.0","    1",,,,,,,
"USW00094789","JFK INTERNATIONAL AIRPORT, NY US","2021-01-17","18.12",,"0.00","0.0","0.0","40","45","35","  260","  260","29.1","35.1",,,,,,,,
"USW00094789","JFK INTERNATIONAL AIRPORT, NY US","2021-01-18","14.32",,"0.00","0.0","0.0","42","48","34","  270","  280","23.9","29.1",,,,,,,,
"USW00094789","JFK INTERNATIONAL AIRPORT, NY US","2021-01-19","14.09",,"0.00","0.0","0.0","38","43","32","  270","  270","25.1","32.0",,,,,,,,
"USW00094789","JFK INTERNATIONAL AIRPORT, NY US","2021-01-20","13.20",,"0.02","0.2","0.0","36","44","26","  310","  300","31.1","36.9","    1",,,,,,,
"USW00094789","JFK INTERNATIONAL AIRPORT, NY US","2021-01-21","7.83",,"0.00","0.0","0.0","31","42","21","  230","  230","21.0","23.9",,,,,,,,
"USW00094789","JFK INTERNATIONAL AIRPORT, NY US","2021-01-22","14.76",,"0.00","0.0","0.0","39","48","33","  270","  280","25.1","32.0",,,,,,,,
"USW00094789","JFK INTERNATIONAL AIRPORT, NY US","2021-01-23","21.92",,"0.00","0.0","0.0","33","36","24","  310","  310","32.0","40.0",,,,,,,,
"USW00094789","JFK INTERNATIONAL AIRPORT, NY US","2021-01-24","18.57",,"0.00","0.0","0.0","27","33","22","  310","  320","31.1","40.0",,,,,,,,
"USW00094789","JFK INTERNATIONAL AIRPORT, NY US","2021-01-25","9.17",,"0.00","0.0","0.0","30","38","22","  330","  310","16.1","21.0",,,,,,,,
"USW00094789","JFK INTERNATIONAL AIRPORT, NY US","2021-01-26","9.62",,"0.13","0.0","0.0","33","36","31","  310","   70","19.9","25.1","    1",,,,,"    1","    1",
"USW00094789","JFK INTERNATIONAL AIRPORT, NY US","2021-01-27","12.30",,"0.00","0.0","0.0","36","39","31","  320","  320","23.0","28.0","    1",,,,,,,
"USW00094789","JFK INTERNATIONAL AIRPORT, NY US","2021-01-28","21.92",,"0.00","0.0","0.0","32","35","20","  330","  320","38.9","49.0",,,,,,,,
"USW00094789","JFK INTERNATIONAL AIRPORT, NY US","2021-01-29","24.61",,"0.00","0.0","0.0","22","27","16","  320","  310","45.0","53.9",,,,,,,,
"USW00094789","JFK INTERNATIONAL AIRPORT, NY US","2021-01-30","14.09",,"0.00","0.0","0.0","22","33","15","  330","  330","23.0","29.1",,,,,,,,
"USW00094789","JFK INTERNATIONAL AIRPORT, NY US","2021-01-31","9.17",,"0.06","0.7","0.0","24","27","20","   40","   40","21.0","25.1","    1",,,,,,,
"USW00094789","JFK INTERNATIONAL AIRPORT, NY US","2021-02-01","25.05",,"1.32","11.9","3.9","28","33","26","   40","   30","40.9","51.0","    1","    1",,"    1",,,,"    1"
"USW00094789","JFK INTERNATIONAL AIRPORT, NY US","2021-02-02","19.69",,"0.03","0.0","13.0","33","35","31","   20","   20","28.0","36.0","    1",,,"    1",,"    1",,
"USW00094789","JFK INTERNATIONAL AIRPORT, NY US","2021-02-03","14.99",,"0.00","0.0","11.0","32","37","29","  330","  320","23.9","31.1",,,,,,,,
"USW00094789","JFK INTERNATIONAL AIRPORT, NY US","2021-02-04","13.42",,"0.00","0.0","9.1","35","42","29","  300","  300","23.0","29.1",,,,,,,,
"USW00094789","JFK INTERNATIONAL AIRPORT, NY US","2021-02-05","10.29",,"0.02","0.0","7.9","37","44","30","  210","  210","29.1","33.1",,,,,,,,
"USW00094789","JFK INTERNATIONAL AIRPORT, NY US","2021-02-06","13.42",,"0.00","0.0","5.9","37","43","26","  260","  270","31.1","40.0",,,,,,,,
"USW00094789","JFK INTERNATIONAL AIRPORT, NY US","2021-02-07","11.41",,"0.46","6.9","5.1","34","37","26","  320","  320","25.1","31.1","    1","    1",,,,,,
"USW00094789","JFK INTERNATIONAL AIRPORT, NY US","2021-02-08","10.74",,"0.00","0.0","11.8","24","28","17","  310","  310","23.9","30.0",,,,,,,,
"USW00094789","JFK INTERNATIONAL AIRPORT, NY US","2021-02-09","8.72",,"0.01","0.0","9.8","28","35","21","  340","  340","17.0","19.9","    1",,,,,,"    1",
"USW00094789","JFK INTERNATIONAL AIRPORT, NY US","2021-02-10","7.83",,"0.00","0.0","9.1","29","34","24","  330","  340","17.0","19.9",,,,,,,,
"USW00094789","JFK INTERNATIONAL AIRPORT, NY US","2021-02-11","9.40",,"0.18","2.2","11.0","29","31","26","  340","  330","16.1","18.1","    1",,,,,,,
"USW00094789","JFK INTERNATIONAL AIRPORT, NY US","2021-02-12","8.28",,"0.00","0.0","10.0","26","29","19","   10","   20","18.1","21.9",,,,,,,,
"USW00094789","JFK INTERNATIONAL AIRPORT, NY US","2021-02-13","11.86",,"0.01","0.0","9.0","28","30","25","   20","   20","18.1","19.9",,,,"    1",,"    1",,
"USW00094789","JFK INTERNATIONAL AIRPORT, NY US","2021-02-14","8.50",,"0.00","0.0","9.0","31","38","28","   30","   30","16.1","19.9",,,,,,,,
"USW00094789","JFK INTERNATIONAL AIRPORT, NY US","2021-02-15","10.51",,"0.00","0.0","7.0","34","35","32","   70","   70","17.0","21.0","    1",,,,,,"    1",
"USW00094789","JFK INTERNATIONAL AIRPORT, NY US","2021-02-16","16.78",,"0.74","0.0","3.0","41","49","34","  250","  250","32.0","38.0","    1","    1",,,,,,
"USW00094789","JFK INTERNATIONAL AIRPORT, NY US","2021-02-17","12.30",,"0.00","0.0","2.0","31","34","23","  310","  300","29.1","36.9",,,,,,,,
"USW00094789","JFK INTERNATIONAL AIRPORT, NY US","2021-02-18","12.08",,"0.68","4.3","1.0","28","29","24","   30","   30","21.9","27.1","    1","    1",,"    1",,"    1",,
"USW00094789","JFK INTERNATIONAL AIRPORT, NY US","2021-02-19","11.18",,"0.06","0.7","5.0","30","33","28","   30","   30","17.0","21.9","    1",,,,,"    1",,
"USW00094789","JFK INTERNATIONAL AIRPORT, NY US","2021-02-20","16.78",,"0.00","0.0","5.0","31","34","27","  310","  330","25.1","33.1",,,,,,,,
"USW00094789","JFK INTERNATIONAL AIRPORT, NY US","2021-02-21","11.41",,"0.00","0.0","5.0","29","36","23","  310","  310","21.0","23.9",,,,,,,,
"USW00094789","JFK INTERNATIONAL AIRPORT, NY US","2021-02-22","12.30",,"0.58","0.4","4.0","33","38","29","  270","  280","25.1","30.0","    1",,,,,,,
"USW00094789","JFK INTERNATIONAL AIRPORT, NY US","2021-02-23","12.75",,"0.00","0.0","2.0","37","45","34","  280","  280","25.1","33.1",,,,,,,,
"USW00094789","JFK INTERNATIONAL AIRPORT, NY US","2021-02-24","13.42",,"0.00","0.0","1.0","41","49","32","  190","  190","32.0","38.0",,,,,,,,
"USW00094789","JFK INTERNATIONAL AIRPORT, NY US","2021-02-25","15.88",,"0.00","0.0","0.0","45","50","34","  320","  310","35.1","40.9",,,,,,,,
"USW00094789","JFK INTERNATIONAL AIRPORT, NY US","2021-02-26","10.29",,"0.00","0.0","0.0","39","45","32","  350","  350","18.1","21.0",,,,,,,,
"USW00094789","JFK INTERNATIONAL AIRPORT, NY US","2021-02-27","12.30",,"0.43","0.0","0.0","43","52","39","  170","  170","21.9","28.0","    1","    1",,,,,,
"USW00094789","JFK INTERNATIONAL AIRPORT, NY US","2021-02-28","8.05",,"0.25","0.0","0.0","42","47","37","  100","   90","16.1","19.9","    1",,,,,,,
"USW00094789","JFK INTERNATIONAL AIRPORT, NY US","2021-03-01","14.99",,"0.15","0.0","0.0","44","49","33","  310","  310","38.0","48.1","    1","    1",,,,,,
"USW00094789","JFK INTERNATIONAL AIRPORT, NY US","2021-03-02","20.58",,"0.00","0.0",,"31","35","22","  300","  290","38.9","48.1",,,,,,,,
"USW00094789","JFK INTERNATIONAL AIRPORT, NY US","2021-03-03","11.86",,"0.00","0.0","0.0","38","53","29","  270","  280","19.9","23.0",,,,,,,,
"USW00094789","JFK INTERNATIONAL AIRPORT, NY US","2021-03-04","18.57",,"0.00","0.0","0.0","42","45","27","  310","  300","35.1","42.9",,,,,,,,
"USW00094789","JFK INTERNATIONAL AIRPORT, NY US","2021-03-05","21.70",,"0.00","0.0","0.0","31","38","24","  290","  310","31.1","40.0",,,,,,,,
"USW00094789","JFK INTERNATIONAL AIRPORT, NY US","2021-03-06","16.11",,"0.00","0.0","0.0","34","37","27","  320","  330","25.1","32.0",,,,,,,,
"USW00094789","JFK INTERNATIONAL AIRPORT, NY US","2021-03-07","13.65",,"0.00","0.0","0.0","33","42","28","  320","  320","21.0","25.1",,,,,,,,
"USW00094789","JFK INTERNATIONAL AIRPORT, NY US","2021-03-08","9.40",,"0.00","0.0","0.0","34","44","24","  260","  330","15.0","21.0",,,,,,,,
"USW00094789","JFK INTERNATIONAL AIRPORT, NY US","2021-03-09","12.08",,"0.00","0.0","0.0","47","66","35","  310","  320","21.9","27.1",,,,,,,,
"USW00094789","JFK INTERNATIONAL AIRPORT, NY US","2021-03-10","8.50",,"0.00","0.0","0.0","45","51","33","  110","  120","18.1","21.0",,,,,,,,
"USW00094789","JFK INTERNATIONAL AIRPORT, NY US","2021-03-11","8.95",,"0.00","0.0","0.0","47","57","42","  170","  190","19.9","23.9","    1","    1",,,,,,
"USW00094789","JFK INTERNATIONAL AIRPORT, NY US","2021-03-12","14.99",,"0.00","0.0","0.0","57","70","45","  310","  250","30.0","38.9",,,,,,,,
"USW00094789","JFK INTERNATIONAL AIRPORT, NY US","2021-03-13","18.12",,"0.00","0.0","0.0","46","53","33","  320","  330","40.9","55.0",,,,,,,,
"USW00094789","JFK INTERNATIONAL AIRPORT, NY US","2021-03-14","21.25",,"0.00","0.0","0.0","46","55","30","  310","  320","46.1","53.9",,,,,,,,
"USW00094789","JFK INTERNATIONAL AIRPORT, NY US","2021-03-15","18.34",,"0.00","0.0","0.0","32","39","24","  320","  340","36.9","48.1",,,,,,,,
"USW00094789","JFK INTERNATIONAL AIRPORT, NY US","2021-03-16","7.38",,"0.01","0.0","0.0","31","37","27","   70","   90","13.0","14.1",,,,,,,,
"USW00094789","JFK INTERNATIONAL AIRPORT, NY US","2021-03-17","5.82",,"0.00","0.0","0.0","38","47","34","  190","  130","12.1","14.1",,,,,,,,
"USW00094789","JFK INTERNATIONAL AIRPORT, NY US","2021-03-18","10.07",,"0.64","0.0","0.0","44","46","42","   20","   20","23.0","30.0","    1",,,,,,,
"USW00094789","JFK INTERNATIONAL AIRPORT, NY US","2021-03-19","19.91",,"0.08","0.0","0.0","39","43","32","  360","  360","33.1","38.9",,,,,,,,
"USW00094789","JFK INTERNATIONAL AIRPORT, NY US","2021-03-20","7.61",,"0.00","0.0","0.0","40","52","31","  180","  350","16.1","19.9",,,,,,,,
"USW00094789","JFK INTERNATIONAL AIRPORT, NY US","2021-03-21","3.80",,"0.00","0.0","0.0","44","58","33","  170","  170","13.0","15.0",,,,,,,,
"USW00094789","JFK INTERNATIONAL AIRPORT, NY US","2021-03-22","6.49",,"0.00","0.0","0.0","45","57","34","  120","  110","15.0","18.1","    1",,,,,,,
"USW00094789","JFK INTERNATIONAL AIRPORT, NY US","2021-03-23","7.61",,"0.00","0.0","0.0","49","62","42","  120","  120","14.1","18.1","    1","    1",,,,,,
"USW00094789","JFK INTERNATIONAL AIRPORT, NY US","2021-03-24","11.86",,"0.69","0.0","0.0","51","58","44","  110","  110","23.0","30.0","    1",,,,,,,
"USW00094789","JFK INTERNATIONAL AIRPORT, NY US","2021-03-25","7.61",,"0.02","0.0","0.0","53","64","49","  230","  240","16.1","19.0","    1","    1",,,,,"    1",
"USW00094789","JFK INTERNATIONAL AIRPORT, NY US","2021-03-26","20.13",,"0.00","0.0","0.0","57","81","49","  260","  270","40.9","52.1","    1","    1",,,,,,
"USW00094789","JFK INTERNATIONAL AIRPORT, NY US","2021-03-27","12.53",,"0.00","0.0","0.0","57","65","48","  180","  190","23.0","25.9",,,,,,,,
"USW00094789","JFK INTERNATIONAL AIRPORT, NY US","2021-03-28","12.75",,"0.79","0.0","0.0","51","59","47","  230","  220","38.0","49.0","    1","    1",,,,,,
"USW00094789","JFK INTERNATIONAL AIRPORT, NY US","2021-03-29","19.91",,"0.00","0.0","0.0","51","56","41","  290","  290","36.9","46.1",,,,,,,,
"USW00094789","JFK INTERNATIONAL AIRPORT, NY US","2021-03-30","13.20",,"0.00","0.0","0.0","47","56","34","  170","  160","25.1","31.1",,,,,,,,
"USW00094789","JFK INTERNATIONAL AIRPORT, NY US","2021-03-31","15.66",,"0.70","0.0","0.0","51","59","48","  180","  180","29.1","36.0","    1",,,,,,,
